name,age,job
Jacey,24,teacher
Kaylee,18,rapper
Martina,43,waiter
Collie,29,carpenter
Collis,50,rapper
Beatrice,48,programmer
Lossie,47,waiter
Sean,31,rapper
Annis,21,teacher
Arnold,24,doctor
Christena,38,programmer
Bennie,55,carpenter
Dustan,39,doctor
Al,51,teacher
Orie,20,waiter
Caprice,27,doctor
Hernan,47,policeman
Lilburn,55,waiter
Melanie,52,teacher
Thorwald,33,carpenter
Elmore,52,policeman
Claudie,32,policeman
Asha,56,waiter
Lina,29,programmer
Lydia,19,waiter
Marcelino,58,waiter
Albertus,42,waiter
Tyquan,30,rapper
Bella,43,rapper
Llewellyn,34,policeman
Remington,35,programmer
Napoleon,25,carpenter
Mat,58,programmer
Ami,33,doctor
Olena,26,teacher
Rutherford,36,rapper
Lovett,46,programmer
Noemie,22,policeman
Denzil,46,carpenter
Mertie,53,doctor
Jimena,58,waiter
Gorden,38,waiter
Dallin,41,rapper
Suzette,34,programmer
Martin,56,waiter
Rosario,56,carpenter
Madelynn,35,teacher
Reason,20,waiter
Demarcus,24,rapper
Scotty,28,carpenter
Marius,29,policeman
Mateo,51,waiter
Offie,20,policeman
Hays,57,policeman
Arrie,20,waiter
Carley,25,policeman
Neal,38,doctor
Paris,40,waiter
Rahn,46,doctor
Chasity,39,carpenter
Ferdinand,32,policeman
Grove,29,teacher
Brennon,46,teacher
Sharleen,23,doctor
Stephany,45,teacher
Namon,57,policeman
Torry,47,carpenter
Leander,24,programmer
Kristal,28,programmer
Whitney,59,doctor
Nanie,57,policeman
Leone,57,policeman
Roberto,21,teacher
Robt,26,doctor
Ines,20,policeman
Giancarlo,56,teacher
Izaiah,58,teacher
Chyna,55,teacher
Hays,29,rapper
Debi,29,carpenter
Kameron,29,programmer
Jocelyn,38,carpenter
Dequan,42,carpenter
Ashlynn,37,programmer
Brisa,37,policeman
Jaycee,57,teacher
Lillian,23,programmer
Antonio,42,waiter
Vonetta,37,carpenter
Merry,27,programmer
Osa,38,waiter
Elmire,29,carpenter
Hayley,52,teacher
Julien,23,carpenter
Haley,50,waiter
Orilla,36,rapper
Geo,36,rapper
Janet,53,carpenter
Marta,56,rapper
Raymon,30,doctor
